{"UUID":"Lo9J0WwrmVfuz17JU9FD8h","layoutMainAxisSizing":null,"layoutCrossAxisSizing":null,"name":"CIT ,CRES ,SEC","isVisible":true,"boundaryRectangle":null,"style":null,"prototypeNodeUUID":null,"child":null,"constraints":null,"debug":false,"pngPath":"/usr/src/app/temp-out/pb-tmp-df083d8a-f13d-46d8-91a5-170ce685ab8e/teames/lib/assets/images","pages":[{"UUID":"0:1","layoutMainAxisSizing":null,"layoutCrossAxisSizing":null,"name":"CIT","isVisible":true,"boundaryRectangle":null,"style":null,"prototypeNodeUUID":null,"child":null,"constraints":null,"convert":true,"screens":[],"pbdlType":"page"},{"UUID":"501:18","layoutMainAxisSizing":null,"layoutCrossAxisSizing":null,"name":"Crescent","isVisible":true,"boundaryRectangle":null,"style":null,"prototypeNodeUUID":null,"child":null,"constraints":null,"convert":true,"screens":[],"pbdlType":"page"},{"UUID":"501:203","layoutMainAxisSizing":null,"layoutCrossAxisSizing":null,"name":"SEC - Team ES","isVisible":true,"boundaryRectangle":null,"style":null,"prototypeNodeUUID":null,"child":null,"constraints":null,"convert":true,"screens":[],"pbdlType":"page"}],"miscPages":[],"sharedStyles":[],"globalStyles":{"UUID":"","layoutMainAxisSizing":null,"layoutCrossAxisSizing":null,"name":"","isVisible":false,"boundaryRectangle":null,"style":null,"prototypeNodeUUID":null,"child":null,"constraints":null,"pbdlType":"global_styles","designSystem":"material","colors":[{"UUID":"7:10","layoutMainAxisSizing":null,"layoutCrossAxisSizing":null,"name":"fill_icon","isVisible":false,"boundaryRectangle":null,"style":null,"prototypeNodeUUID":null,"child":null,"constraints":null,"description":"","pbdlType":"global_color","color":{"a":1.0,"r":1.0,"g":1.0,"b":1.0}},{"UUID":"501:19","layoutMainAxisSizing":null,"layoutCrossAxisSizing":null,"name":"Duotone","isVisible":false,"boundaryRectangle":null,"style":null,"prototypeNodeUUID":null,"child":null,"constraints":null,"description":"","pbdlType":"global_color","color":{"a":1.0,"r":0.4940798580646515,"g":0.5271459817886353,"b":0.6208333373069763}},{"UUID":"501:20","layoutMainAxisSizing":null,"layoutCrossAxisSizing":null,"name":"Line_icon","isVisible":false,"boundaryRectangle":null,"style":null,"prototypeNodeUUID":null,"child":null,"constraints":null,"description":"","pbdlType":"global_color","color":{"a":1.0,"r":0.7987847328186035,"g":0.8253224492073059,"b":0.8916666507720947}}],"textStyles":[],"themeColors":[],"themeTextStyles":[]},"pbdlType":"project"}